{
    "DETECTION_ZONE_ENABLED": true,
    "DETECTION_ZONE": {
        "x1": 0.3140625,
        "y1": 0.255,
        "x2": 0.5875,
        "y2": 0.7916666666666666
    },
    "DETECTION_ZONE_MARGIN": 0.5,
    "COUNTING_LINE_ROTATED": false,
    "COUNTING_LINE_ENDPOINTS": {
        "x1": 0.590625,
        "y1": 0.5533333333333333,
        "x2": 0.275,
        "y2": 0.6316666666666667
    }
}
